{"url": {"url_pci3024": "https://pcimobile.ktipmedia.co.kr/V100/PCI_3024/checkin_list", "url_pci3025": "https://pcimobile.ktipmedia.co.kr/V100/PCI_3025/checkin_stblist", "url_pci3026": "https://pcimobile.ktipmedia.co.kr/V100/PCI_3026/dmr_check_in"}, "headers": {"Content-Type": "application/json", "User-Agent": "PCISDK(AuthKey/8588B0EBC85A6675BEF774DCCDB3A99A6AEACCB113BF351B81B25F039D123F65;OSType/ANDROID;DeviceType/PHONE;OsVersion/13;SdkVersion/5.3.4;Adid/5cf3ccd4-16e5-4976-b7d9-5717d5d0bbd7;PackageName/com.ktshow.cs;BuildType/RELEASE)"}, "pci_3026_5": {"said": "TT240117053", "maid": "30a9a6dd-d401-400b-9ca5-6e4430190001", "reg_date": "20240617150000", "partner_code": "1104"}, "pci_3026_9": {"said": "TT240117053", "maid": "30a9a6dd-d401-400b-9ca5-6e4430190002", "reg_date": "20240617150000", "partner_code": "1104"}, "pci_3026_0": {"said": "TT240117053", "maid": "30a9a6dd-d401-400b-9ca5-6e4430190003", "reg_date": "20240617150000", "partner_code": "1104"}, "pci_3026_stb": {"said": "TT240117053", "maid": "30a9a6dd-d401-400b-9ca5-6e4430190004", "reg_date": "20240617150000", "partner_code": "1104"}, "pci_3024": {"said": "TT240117053"}}